name,type,for_profit,admissions_rate,average_net_price_public,average_net_price_private,median_10yr_earnings,median_debt,completion_rate,average_net_price,orig.id
Multnomah University,Private,No,0.6507,NULL,24630,34100,14988,0.3167,24630,936
Rowan University,Public,No,0.6942,23692,NULL,50000,16750,0.6894,23692,674
University of North Carolina Wilmington,Public,No,0.6652,18093,NULL,41600,15860,0.7248,18093,836
California Institute of Technology,Private,No,0.0774,NULL,23345,85900,8013,0.893,23345,56
Southern Wesleyan University,Private,No,0.5257,NULL,16130,39200,17891,0.438,16130,1049
George Fox University,Private,No,0.8189,NULL,28366,45100,19500,0.7168,28366,934
Tennessee Wesleyan University,Private,No,0.5991,NULL,5815,38500,14704,0.3981,5815,1105
Indiana University-East,Public,No,0.6966,8895,NULL,31500,12970,0.3571,8895,329
Massachusetts Institute of Technology,Private,No,0.0717,NULL,20771,104700,11625,0.9383,20771,494
University of Phoenix-Florida,Private,Yes,NULL,NULL,14256,47100,18500,0.1511,14256,1446
Langston University,Public,No,NULL,13137,NULL,27700,12250,0.0909,13137,918
Newschool of Architecture and Design,Private,Yes,0.9912,NULL,34755,49400,30750,0.3889,34755,104
University of Valley Forge,Private,No,0.5321,NULL,21369,31100,19000,0.4491,21369,1027
Jefferson College of Health Sciences,Private,No,0.3922,NULL,29899,54000,18250,0.4571,29899,1203
Franklin Pierce University,Private,No,0.7643,NULL,24266,39700,12521,0.489,24266,659
Quinnipiac University,Private,No,0.7388,NULL,38695,63300,20875,0.7478,38695,161
Washburn University,Public,No,NULL,13341,NULL,40300,12500,0.3887,13341,384
Thomas College,Private,No,NULL,NULL,21647,38100,17275,0.4791,21647,436
Vanguard University of Southern California,Private,No,0.4668,NULL,21374,41800,18000,0.6096,21374,127
Northwest Nazarene University,Private,No,0.7342,NULL,19046,39600,18500,0.5586,19046,260
CUNY City College,Public,No,0.4637,2540,NULL,46300,9500,0.4997,2540,717
California State University-Stanislaus,Public,No,0.7706,6295,NULL,45400,11749,0.5277,6295,60
University of Maryland-Baltimore County,Public,No,0.6021,20539,NULL,55000,16500,0.6342,20539,448
Lesley University,Private,No,0.7261,NULL,31401,38700,15750,0.5966,31401,488
Strayer University-District of Columbia,Private,Yes,NULL,NULL,22511,45900,12667,0,22511,181
Texas State University,Public,No,0.7298,15545,NULL,45700,14415,0.5394,15545,1157
Strayer University-Alabama,Private,Yes,NULL,NULL,24836,45900,12667,0,24836,1401
Pontifical Catholic University of Puerto Rico-Arecibo,Private,No,0.9516,NULL,8465,18500,10092,0.3391,8465,1303
Northwestern University,Private,No,0.0924,NULL,24047,69000,14385,0.9376,24047,291
Kean University,Public,No,0.8222,19044,NULL,46100,17751,0.4863,19044,676
Newman University,Private,No,0.6384,NULL,13800,44000,15250,0.5235,13800,375
University of Missouri-Kansas City,Public,No,0.6415,14897,NULL,45700,14000,0.4847,14897,611
Regis University,Private,No,0.5992,NULL,23672,56400,19241,0.7121,23672,148
Colorado State University-Pueblo,Public,No,0.9534,15312,NULL,37500,12500,0.35,15312,150
San Jose State University,Public,No,0.6688,14627,NULL,56100,12899,0.5675,14627,121
Delaware State University,Public,No,0.4518,13014,NULL,35800,19000,0.3672,13014,169
Culver-Stockton College,Private,No,0.5466,NULL,19797,36600,15000,0.4772,19797,598
Pacific Union College,Private,No,0.5021,NULL,20995,51700,21500,0.5192,20995,108
St Bonaventure University,Private,No,0.7053,NULL,26071,47700,23250,0.6871,26071,767
Kettering University,Private,No,0.7033,NULL,37247,80500,27000,0.6109,37247,530
Abilene Christian University,Private,No,0.5806,NULL,26037,43000,16000,0.6148,26037,1115
Southern Connecticut State University,Public,No,0.6492,17327,NULL,45300,16000,0.4811,17327,164
Art Center College of Design,Private,No,0.7036,NULL,43873,53600,28250,0.6759,43873,51
University of San Francisco,Private,No,0.6563,NULL,32210,62300,20000,0.7723,32210,119
Babson College,Private,No,0.2418,NULL,35540,96100,21875,0.9215,35540,465
South University-Savannah,Private,Yes,NULL,NULL,23886,33400,12667,0.1029,23886,229
Strayer University-South Carolina,Private,Yes,NULL,NULL,15786,45900,12667,0,15786,1411
University of Saint Mary,Private,No,0.4915,NULL,16702,38500,15500,0.4369,16702,381
DeVry University-North Carolina,Private,Yes,1,NULL,28508,44100,15760,0.1667,28508,1436
Fresno Pacific University,Private,No,0.7239,NULL,16177,43900,18774,0.6538,16177,89
