name,type,for_profit,admissions_rate,average_net_price_public,average_net_price_private,median_10yr_earnings,median_debt,completion_rate,average_net_price,orig.id
College of Mount Saint Vincent,Private,No,0.9109,NULL,16802,54400,24750,0.5399,16802,751
Rollins College,Private,No,0.6389,NULL,30202,45700,21643,0.7532,30202,209
Pennsylvania State University-Main Campus,Public,No,0.5031,30373,NULL,50100,19500,0.8481,30373,1007
Argosy University-Tampa,Private,Yes,NULL,NULL,18378,41400,15585,0.5,18378,1362
Saint Cloud State University,Public,No,0.8578,14633,NULL,44200,14250,0.4434,14633,568
Mount Aloysius College,Private,No,0.6087,NULL,21940,40800,18500,0.4337,21940,1002
Manhattan School of Music,Private,No,0.4287,NULL,46324,32300,19270,0.6939,46324,743
St Francis College,Private,No,0.6321,NULL,9560,45700,17750,0.4714,9560,768
AI Miami International University of Art and Design,Private,Yes,NULL,NULL,20363,31600,13000,0.293,20363,201
East Central University,Public,No,0.4802,9233,NULL,36800,11547,0.3258,9233,916
The King's University,Private,No,0.519,NULL,22942,39100,16500,0.1538,22942,1378
University of Phoenix-Illinois,Private,Yes,NULL,NULL,15258,47100,18500,0.1239,15258,1381
University of Connecticut-Stamford,Public,No,0.8232,7280,NULL,58400,19000,0.642,7280,1373
San Francisco Art Institute,Private,No,0.7472,NULL,46570,31900,15813,0.4138,46570,116
University of Nebraska at Kearney,Public,No,0.8175,16644,NULL,41300,12500,0.6133,16644,643
Kent State University at Kent,Public,No,0.8751,18432,NULL,38000,17470,0.577,18432,879
University of Scranton,Private,No,0.7479,NULL,35298,57500,25949,0.7686,35298,1022
West Virginia State University,Public,No,0.9758,8976,NULL,29800,12100,0.2628,8976,1257
University of Guam,Public,No,NULL,8899,NULL,30100,12000,0.3451,8899,1295
University of Richmond,Private,No,0.3297,NULL,26264,64500,19000,0.8821,26264,1221
University of Washington-Seattle Campus,Public,No,0.4642,12037,NULL,57700,12750,0.8439,12037,1244
American International College,Private,No,0.7183,NULL,22429,46000,20050,0.4141,22429,462
University of St Francis,Private,No,0.5167,NULL,18571,53100,20280,0.6278,18571,299
Georgia Southern University,Public,No,0.6829,16548,NULL,41900,15750,0.4994,16548,235
Wentworth Institute of Technology,Private,No,0.9187,NULL,36690,65100,20000,0.6745,36690,513
Wilmington University,Private,No,NULL,NULL,14600,42500,15334,0.2592,14600,173
The University of Tennessee-Knoxville,Public,No,0.7697,19335,NULL,45100,15000,0.7023,19335,1107
Western Kentucky University,Public,No,0.9545,11850,NULL,34700,14250,0.43120000000000003,11850,407
Indiana University-Kokomo,Public,No,0.7028,9073,NULL,36200,11000,0.3892,9073,324
Hobart William Smith Colleges,Private,No,0.6392,NULL,35172,53500,25000,0.8088,35172,731
Bethune-Cookman University,Private,No,NULL,NULL,17824,29200,16750,0.3657,17824,185
Ohio Northern University,Private,No,0.661,NULL,23100,63500,21625,0.7562,23100,895
University of Rochester,Private,No,0.3421,NULL,30480,61200,19000,0.8525,30480,765
Emory & Henry College,Private,No,0.7223,NULL,19340,40700,18846,0.5182,19340,1204
Assumption College,Private,No,0.7899,NULL,28285,55200,25000,0.71,28285,464
Massachusetts College of Art and Design,Public,No,0.7066,21612,NULL,36200,20000,0.7323,21612,493
New Jersey City University,Public,No,0.9185,12659,NULL,42700,12750,0.3289,12659,675
Chatham University,Private,No,0.5455,NULL,20906,36600,14500,0.6308,20906,966
Hood College,Private,No,0.8113,NULL,23416,45300,19613,0.6104,23416,444
Green Mountain College,Private,No,0.7829,NULL,22524,30300,17500,0.5071,22524,1191
University of Arkansas-Fort Smith,Public,No,NULL,10417,NULL,31000,8306,0.2982,10417,49
Northwestern University,Private,No,0.0924,NULL,24047,69000,14385,0.9376,24047,291
Wayne State College,Public,No,NULL,13400,NULL,36100,13418,0.5089,13400,653
Thomas University,Private,No,0.2256,NULL,21709,34300,14562,0.3737,21709,247
Saint Joseph's College of Maine,Private,No,0.8011,NULL,25367,43400,16745,0.5922,25367,434
Long Island University,Private,No,0.8269,NULL,28989,49000,18750,0.4732,28989,741
Argosy University-Atlanta,Private,Yes,NULL,NULL,20057,41400,15585,0.2857,20057,1340
Argosy University-Orange County,Private,Yes,NULL,NULL,23807,41400,15585,0.6,23807,1370
Argosy University-Phoenix Online Division,Private,Yes,NULL,NULL,27620,41400,15585,0.0456,27620,1406
Kettering College,Private,No,0.2836,NULL,19664,54500,21750,0.5176,19664,880
