name,type,for_profit,admissions_rate,average_net_price_public,average_net_price_private,median_10yr_earnings,median_debt,completion_rate,average_net_price,orig.id
SUNY College of Environmental Science and Forestry,Public,No,0.5215,17923,NULL,45600,14000,0.784,17923,783
Mansfield University of Pennsylvania,Public,No,0.8919,21004,NULL,38600,20000,0.4992,21004,994
Goddard College,Private,No,1,NULL,20392,25400,18222,0.4286,20392,1190
Saint Vincent College,Private,No,0.6193,NULL,20909,47600,24250,0.6919,20909,1021
San Francisco Art Institute,Private,No,0.7472,NULL,46570,31900,15813,0.4138,46570,116
Shawnee State University,Public,No,0.6891,15646,NULL,34200,12250,0.2922,15646,900
American National University,Private,Yes,NULL,NULL,18946,21000,9815,0.4101,18946,1216
Tennessee State University,Public,No,NULL,11083,NULL,35300,15000,0.2879,11083,1109
Purdue University-Main Campus,Public,No,0.5747,13746,NULL,55100,15750,0.7836,13746,1326
Eastern Washington University,Public,No,0.962,12885,NULL,43100,14893,0.5245,12885,1232
Rosemont College,Private,No,0.6961,NULL,19151,44700,17750,0.6132,19151,1018
South University-Savannah,Private,Yes,NULL,NULL,23886,33400,12667,0.1029,23886,229
Tabor College,Private,No,0.5318,NULL,22991,40800,16462,0.3841,22991,383
Five Towns College,Private,Yes,0.9053,NULL,21798,34400,16018,0.3077,21798,728
Caribbean University-Bayamon,Private,No,NULL,NULL,3170,18700,6000,0.2342,3170,1301
St. Thomas Aquinas College,Private,No,0.7799,NULL,21106,46900,18741,0.543,21106,771
Baldwin Wallace University,Private,No,0.7805,NULL,23729,44400,24000,0.6737,23729,858
Trevecca Nazarene University,Private,No,0.7038,NULL,18549,40500,13000,0.5382,18549,1111
Framingham State University,Public,No,0.6811,20355,NULL,45800,18163,0.5398,20355,484
College of Our Lady of the Elms,Private,No,0.7949,NULL,20989,46200,24500,0.5707,20989,503
Trinity International University-Illinois,Private,No,0.75,NULL,19887,41100,16556,0.5159,19887,305
Texas Wesleyan University,Private,No,0.3427,NULL,28325,42000,12500,0.3457,28325,1174
Westfield State University,Public,No,0.8525,17773,NULL,46100,16750,0.6504,17773,515
Nazareth College,Private,No,0.6264,NULL,29081,44300,21000,0.6674,29081,752
University of Redlands,Private,No,0.7496,NULL,29520,55000,25000,0.7703,29520,112
Calumet College of Saint Joseph,Private,No,NULL,NULL,11649,42000,14800,0.2358,11649,312
California Polytechnic State University-San Luis Obispo,Public,No,0.3461,19979,NULL,66900,17000,0.7914,19979,58
Purdue University Global-Davenport,Private,Yes,NULL,NULL,16904,33900,12500,0.3947,16904,1332
Canisius College,Private,No,0.7819,NULL,20913,47300,20344,0.6934,20913,705
Huston-Tillotson University,Private,No,0.2981,NULL,17384,30800,17500,0.2265,17384,1135
Valparaiso University,Private,No,0.8428,NULL,21946,48500,21500,0.7221,21946,342
Kansas Wesleyan University,Private,No,0.5365,NULL,25808,40300,12878,0.3212,25808,377
Humboldt State University,Public,No,0.8183,14490,NULL,36600,14000,0.4659,14490,91
Santa Clara University,Private,No,0.5356,NULL,33738,72600,18248,0.8977,33738,122
Harding University,Private,No,0.7212,NULL,18963,40900,20500,0.6663,18963,44
South University-Virginia Beach,Private,Yes,NULL,NULL,23678,33400,12667,0.16,23678,1414
Black Hills State University,Public,No,0.8695,15839,NULL,35900,12500,0.3532,15839,1072
East Texas Baptist University,Private,No,0.5442,NULL,19841,40500,11660,0.31,19841,1124
Earlham College,Private,No,0.5184,NULL,19454,35000,19000,0.6824,19454,313
University of Nebraska at Omaha,Public,No,0.8653,13173,NULL,44200,13188,0.4708,13173,646
Shepherd University,Public,No,0.8913,9908,NULL,39700,15000,0.4202,9908,1256
Lenoir-Rhyne University,Private,No,0.739,NULL,18861,38500,15952,0.4325,18861,822
Endicott College,Private,No,0.814,NULL,34571,51100,23019,0.7512,34571,481
Pacific College of Oriental Medicine-Chicago,Private,Yes,NULL,NULL,25450,22600,12271,1,25450,1384
York College of Pennsylvania,Private,No,0.699,NULL,20779,50400,21250,0.5674,20779,1035
Caribbean University-Vega Baja,Private,No,NULL,NULL,3967,18700,6000,0.1933,3967,1334
Dominican College of Blauvelt,Private,No,0.6895,NULL,19690,46300,15625,0.4318,19690,725
University of Phoenix-Florida,Private,Yes,NULL,NULL,14256,47100,18500,0.1511,14256,1446
California State University Maritime Academy,Public,No,0.6635,16416,NULL,82900,19380,0.6408,16416,81
University of Wisconsin-Eau Claire,Public,No,0.7567,16188,NULL,46200,15063,0.6656,16188,1280
