name,type,for_profit,admissions_rate,average_net_price_public,average_net_price_private,median_10yr_earnings,median_debt,completion_rate,average_net_price,orig.id
Strayer University-Maryland,Private,Yes,NULL,NULL,23328,45900,12667,0.4737,23328,1363
Argosy University-Orange County,Private,Yes,NULL,NULL,23807,41400,15585,0.6,23807,1370
Coastal Carolina University,Public,No,0.6119,16337,NULL,38500,15415,0.4229,16337,1067
Slippery Rock University of Pennsylvania,Public,No,0.7149,18921,NULL,41700,19500,0.6605,18921,1025
Arizona State University-Tempe,Public,No,0.8415,11163,NULL,47700,14271,0.6335,11163,29
Pfeiffer University,Private,No,0.6602,NULL,23898,39200,15280,0.4211,23898,838
Georgia Southwestern State University,Public,No,0.6747,12746,NULL,36400,12000,0.255,12746,233
National University College,Private,Yes,0.5933,NULL,9500,17400,8475,0.2392,9500,1317
University of St Thomas,Private,No,0.8416,NULL,30503,56800,21460,0.7685,30503,573
Benedictine College,Private,No,0.9747,NULL,24312,40100,19000,0.6271,24312,369
University of Maryland Eastern Shore,Public,No,0.3901,15860,NULL,36600,17500,0.3824,15860,451
Coleman University,Private,No,NULL,NULL,29346,46600,13992,0.4808,29346,86
Indiana University-Northwest,Public,No,0.7444,8358,NULL,36300,12500,0.2798,8358,327
Loras College,Private,No,0.9509,NULL,18408,44600,20500,0.6816,18408,355
Duke University,Private,No,0.0986,NULL,36415,84400,10500,0.9535,36415,812
Dakota State University,Public,No,0.8436,16940,NULL,38700,13105,0.3605,16940,1073
Northwestern College,Private,No,0.681,NULL,23064,38400,17375,0.679,23064,361
Argosy University-Atlanta,Private,Yes,NULL,NULL,20057,41400,15585,0.2857,20057,1340
Carroll University,Private,No,0.7082,NULL,22736,44200,23000,0.6581,22736,1266
New York School of Interior Design,Private,No,0.3333,NULL,34917,52200,14250,0.6364,34917,758
Greensboro College,Private,No,0.4069,NULL,30811,36900,12500,0.1636,30811,818
Thomas University,Private,No,0.2256,NULL,21709,34300,14562,0.3737,21709,247
College of Mount Saint Vincent,Private,No,0.9109,NULL,16802,54400,24750,0.5399,16802,751
Webber International University,Private,No,0.4923,NULL,23921,37200,9500,0.3191,23921,219
University of Colorado Colorado Springs,Public,No,0.9281,15872,NULL,43900,12500,0.4329,15872,135
Point Loma Nazarene University,Private,No,0.7629,NULL,31452,50900,19500,0.7444,31452,111
Grand Valley State University,Public,No,0.809,16975,NULL,42800,19500,0.6526,16975,532
Kansas Wesleyan University,Private,No,0.5365,NULL,25808,40300,12878,0.3212,25808,377
Centenary College of Louisiana,Private,No,0.6179,NULL,24704,44900,17250,0.4833,24704,408
Mount Marty College,Private,No,0.6652,NULL,20396,36600,17500,0.5862,20396,1075
Oklahoma Wesleyan University,Private,No,0.6231,NULL,26109,50900,13979,0.4545,26109,912
Becker College,Private,No,0.6941,NULL,32721,43800,19750,0.3846,32721,467
California State University-Channel Islands,Public,No,0.7827,15491,NULL,49800,12500,0.5947,15491,1380
Epic Bible College,Private,No,NULL,NULL,7601,25100,12667,0,7601,130
East Tennessee State University,Public,No,0.8547,14218,NULL,35100,14025,0.4116,14218,1089
Ashford University,Private,Yes,NULL,NULL,18749,41200,8344,0.0765,18749,359
Notre Dame de Namur University,Private,No,0.9362,NULL,27906,56400,18750,0.4773,27906,105
Rice University,Private,No,0.1586,NULL,20237,65400,10250,0.9144,20237,1148
Middle Tennessee State University,Public,No,0.5935,12416,NULL,38700,15000,0.4401,12416,1101
Walla Walla University,Private,No,NULL,NULL,23106,46400,21000,0.612,23106,1242
Old Dominion University,Public,No,0.8572,15368,NULL,43700,17500,0.544,15368,1218
University of South Alabama,Public,No,0.8208,15082,NULL,37800,16750,0.4007,15082,19
University of Illinois at Chicago,Public,No,0.7708,13866,NULL,54300,14000,0.5657,13866,273
University of Louisiana at Monroe,Public,No,0.7546,11316,NULL,37500,12870,0.409,11316,418
Northwestern State University of Louisiana,Public,No,0.8029,11295,NULL,34300,13000,0.3944,11295,419
Ohio Christian University,Private,No,NULL,NULL,25529,31800,15502,0.2867,25529,867
Saint Peter's University,Private,No,0.9129,NULL,12382,45800,17621,0.5372,12382,686
Spalding University,Private,No,0.5899,NULL,21872,45100,17750,0.4468,21872,403
Providence College,Private,No,0.5152,NULL,38823,64100,27000,0.8422,38823,1040
Presbyterian College,Private,No,0.6517,NULL,19774,44500,18600,0.6852,19774,1064
