name,type,for_profit,admissions_rate,average_net_price_public,average_net_price_private,median_10yr_earnings,median_debt,completion_rate,average_net_price,orig.id
Portland State University,Public,No,0.9244,14160,NULL,44700,16500,0.4894,14160,944
Ave Maria University,Private,No,0.4212,NULL,19129,32800,13683,0.5459,19129,1392
The University of Texas at Arlington,Public,No,0.7122,13200,NULL,48700,12500,0.4998,13200,1163
Fashion Institute of Technology,Public,No,0.4704,11772,NULL,48900,12734,0.7676,11772,727
University of Indianapolis,Private,No,0.8218,NULL,21145,40600,18500,0.5621,21145,320
North Dakota State University-Main Campus,Public,No,0.9159,15265,NULL,48200,15000,0.5798,15265,852
University of San Diego,Private,No,0.4979,NULL,34752,60000,20500,0.8175,34752,115
Mount St. Mary's University,Private,No,0.6423,NULL,28495,52600,19500,0.6329,28495,453
Lindsey Wilson College,Private,No,NULL,NULL,16083,28800,13651,0.3519,16083,396
University of Maryland Eastern Shore,Public,No,0.3901,15860,NULL,36600,17500,0.3824,15860,451
Walla Walla University,Private,No,NULL,NULL,23106,46400,21000,0.612,23106,1242
Lourdes University,Private,No,0.9667,NULL,18434,36500,21348,0.3333,18434,882
Winston-Salem State University,Public,No,0.6657,11811,NULL,33200,16159,0.4938,11811,846
University of New Haven,Private,No,0.8776,NULL,33380,52100,22092,0.6033,33380,159
University of San Francisco,Private,No,0.6563,NULL,32210,62300,20000,0.7723,32210,119
Massachusetts Maritime Academy,Public,No,0.8317,19032,NULL,86600,22976,0.75,19032,495
University of the Pacific,Private,No,0.6487,NULL,29171,71700,18750,0.7045,29171,109
Adrian College,Private,No,0.5973,NULL,27209,38600,18468,0.5249,27209,519
Michigan Technological University,Public,No,0.7449,15481,NULL,66400,19500,0.6652,15481,539
The College of New Rochelle,Private,No,0.6757,NULL,33513,33900,18099,0.3333,33513,753
Chowan University,Private,No,0.6004,NULL,17199,34300,10500,0.2595,17199,811
Kentucky State University,Public,No,0.4528,8772,NULL,28700,17479,0.2042,8772,393
Nebraska Wesleyan University,Private,No,0.7126,NULL,23652,46000,18750,0.6518,23652,648
Tennessee Technological University,Public,No,0.644,14410,NULL,40500,12500,0.4941,14410,1110
Henderson State University,Public,No,0.7968,15357,NULL,35700,12350,0.3325,15357,45
Tiffin University,Private,No,0.6883,NULL,20638,42600,18549,0.2816,20638,902
University of Redlands,Private,No,0.7496,NULL,29520,55000,25000,0.7703,29520,112
Citadel Military College of South Carolina,Public,No,0.8107,17935,NULL,56800,18594,0.7343,17935,1051
Oregon State University,Public,No,0.7884,20493,NULL,49600,17000,0.6534,20493,940
Clark Atlanta University,Private,No,0.5793,NULL,33496,35500,15665,0.3976,33496,222
Columbia College Chicago,Private,No,0.9161,NULL,31597,34400,19500,0.4397,31597,266
University of Hartford,Private,No,0.8089,NULL,30440,47800,19495,0.596,30440,158
University of Southern California,Private,No,0.1595,NULL,30232,74000,18500,0.9171,30232,129
Skidmore College,Private,No,0.2452,NULL,27410,49700,19500,0.8703,27410,774
Argosy University-Atlanta,Private,Yes,NULL,NULL,20057,41400,15585,0.2857,20057,1340
Willamette University,Private,No,0.8909,NULL,28327,51100,19500,0.731,28327,950
Hilbert College,Private,No,0.8676,NULL,17787,42600,20000,0.5022,17787,730
Asbury University,Private,No,0.7032,NULL,28095,34900,19153,0.6883,28095,386
Bluefield College,Private,No,0.9112,NULL,21785,40900,12500,0.2053,21785,1199
Saint Xavier University,Private,No,0.746,NULL,14461,48200,18000,0.5241,14461,300
University of Wisconsin-Parkside,Public,No,0.6077,10849,NULL,39900,14000,0.3402,10849,1285
Goddard College,Private,No,1,NULL,20392,25400,18222,0.4286,20392,1190
LeTourneau University,Private,No,0.4708,NULL,21381,48200,20000,0.6021,21381,1139
Taylor University,Private,No,0.8679,NULL,24525,38000,15750,0.7852,24525,340
Humphreys University-Stockton and Modesto Campuses,Private,No,NULL,NULL,19348,28800,24288,0.4098,19348,92
Louisiana College,Private,No,0.7192,NULL,15874,42800,10250,0.419,15874,412
Loyola Marymount University,Private,No,0.5248,NULL,40676,61300,19000,0.7911,40676,99
Schreiner University,Private,No,0.9236,NULL,18204,40200,14250,0.4764,18204,1152
Wingate University,Private,No,0.9324,NULL,18354,43200,12000,0.5234,18354,845
Massachusetts Institute of Technology,Private,No,0.0717,NULL,20771,104700,11625,0.9383,20771,494
