name,type,for_profit,admissions_rate,average_net_price_public,average_net_price_private,median_10yr_earnings,median_debt,completion_rate,average_net_price,orig.id
Herzing University-Kenner,Private,No,0.8684,NULL,24494,37800,12695,0.25,24494,1367
Illinois College,Private,No,0.5487,NULL,16501,42800,21250,0.6007,16501,276
Washington University in St Louis,Private,No,0.1596,NULL,28540,70100,14781,0.9417,28540,624
Southwest University of Visual Arts-Tucson,Private,Yes,NULL,NULL,27145,30200,32875,0.5833,27145,31
Midland University,Private,No,0.643,NULL,23017,39900,13250,0.4868,23017,645
SUNY College at Old Westbury,Public,No,0.7822,11289,NULL,44300,13000,0.4787,11289,795
Cincinnati Christian University,Private,No,0.8811,NULL,20445,32700,10800,0.4,20445,865
University of St Thomas,Private,No,0.8416,NULL,30503,56800,21460,0.7685,30503,573
Lancaster Bible College,Private,No,0.7181,NULL,21145,34300,13741,0.5702,21145,989
University of Charleston,Private,No,0.6449,NULL,14138,40800,12000,0.4939,14138,1250
University of New Mexico-Main Campus,Public,No,0.6704,14315,NULL,36400,13484,0.4868,14315,696
Trine University,Private,No,0.701,NULL,23499,43300,17750,0.545,23499,341
Boston University,Private,No,0.2511,NULL,37065,65300,22500,0.8713,37065,472
Southern Illinois University-Edwardsville,Public,No,0.8951,15574,NULL,43000,14286,0.4853,15574,303
San Diego Christian College,Private,No,0.6235,NULL,27039,36700,15250,0.5679,27039,84
Cleveland University-Kansas City,Private,No,0.8,NULL,16883,43800,10368,1,16883,596
Utica College,Private,No,0.8366,NULL,21360,45300,16250,0.4896,21360,802
Wesleyan College,Private,No,0.466,NULL,14974,29900,18187,0.5588,14974,250
Santa Clara University,Private,No,0.5356,NULL,33738,72600,18248,0.8977,33738,122
Oregon Institute of Technology,Public,No,0.6142,17041,NULL,56600,15452,0.4497,17041,938
Wright State University-Main Campus,Public,No,0.9677,16249,NULL,39500,14000,0.3576,16249,909
Eastern Washington University,Public,No,0.962,12885,NULL,43100,14893,0.5245,12885,1232
Saint Ambrose University,Private,No,0.6081,NULL,24503,47300,20500,0.6325,24503,363
Castleton University,Public,No,0.8154,17215,NULL,37900,18500,0.5418,17215,1188
University of Phoenix-Virginia,Private,Yes,NULL,NULL,15125,47100,18500,0.1265,15125,1451
Inter American University of Puerto Rico-Aguadilla,Private,No,0.5735,NULL,7674,19800,5500,0.3093,7674,1310
American InterContinental University-Houston,Private,Yes,NULL,NULL,16835,37300,9500,0.32,16835,1391
Faith Baptist Bible College and Theological Seminary,Private,No,0.6,NULL,14874,35400,8009,0.5366,14874,349
College for Creative Studies,Private,No,0.4899,NULL,36313,44100,18635,0.5972,36313,525
Carthage College,Private,No,0.6787,NULL,26532,44700,19500,0.5979,26532,1267
Adrian College,Private,No,0.5973,NULL,27209,38600,18468,0.5249,27209,519
Calvary University,Private,No,0.7436,NULL,15650,36800,12000,0.6667,15650,594
University of Wisconsin-Green Bay,Public,No,0.7553,14443,NULL,40800,13000,0.5109,14443,1281
Rensselaer Polytechnic Institute,Private,No,0.4317,NULL,34839,82000,23250,0.8339,34839,762
Indiana University-South Bend,Public,No,0.7771,9169,NULL,34900,11532,0.2924,9169,325
Alfred University,Private,No,0.6273,NULL,22286,41400,19500,0.5331,22286,702
Pepperdine University,Private,No,0.3985,NULL,33814,65500,21500,0.8488,33814,110
Furman,Private,No,0.6118,NULL,28057,51200,19500,0.8051,28057,1060
The King's University,Private,No,0.519,NULL,22942,39100,16500,0.1538,22942,1378
Bucknell University,Private,No,0.3108,NULL,40976,70800,23250,0.9039,40976,959
Lewis University,Private,No,0.5383,NULL,19793,48800,19500,0.6703,19793,282
Brenau University,Private,No,0.6613,NULL,18531,42000,17380,0.4944,18531,225
University of South Alabama,Public,No,0.8208,15082,NULL,37800,16750,0.4007,15082,19
Argosy University-Denver,Private,Yes,NULL,NULL,18847,41400,15585,0,18847,1395
University of Louisville,Public,No,0.753,16721,NULL,41800,13061,0.5441,16721,397
Western Illinois University,Public,No,0.5997,15844,NULL,43200,18661,0.5045,15844,306
Lewis & Clark College,Private,No,0.7137,NULL,34838,46200,17480,0.8007,34838,935
Mercyhurst University,Private,No,0.6992,NULL,19898,40300,17076,0.6831,19898,996
Indiana University-Northwest,Public,No,0.7444,8358,NULL,36300,12500,0.2798,8358,327
Coleman University,Private,No,NULL,NULL,29346,46600,13992,0.4808,29346,86
