name,type,for_profit,admissions_rate,average_net_price_public,average_net_price_private,median_10yr_earnings,median_debt,completion_rate,average_net_price,orig.id
Greensboro College,Private,No,0.4069,NULL,30811,36900,12500,0.1636,30811,818
Lindenwood University,Private,No,0.7375,NULL,17548,41300,21458,0.4985,17548,604
Rocky Mountain College,Private,No,0.6438,NULL,20165,38800,15999,0.5244,20165,634
Plymouth State University,Public,No,0.7879,21829,NULL,41700,17158,0.5447,21829,664
Texas A & M University-College Station,Public,No,0.7054,20282,NULL,58000,15000,0.821,20282,1162
CUNY John Jay College of Criminal Justice,Public,No,0.3875,3843,NULL,44900,8560,0.4745,3843,719
Nichols College,Private,No,0.925,NULL,29398,48300,19500,0.5144,29398,500
Messiah College,Private,No,0.7701,NULL,27200,45100,21250,0.8052,27200,997
Pratt Institute-Main,Private,No,0.568,NULL,43969,43400,20000,0.6629,43969,761
Fairleigh Dickinson University-Florham Campus,Private,No,0.839,NULL,22466,48100,18750,0.547,22466,672
South University-Savannah,Private,Yes,NULL,NULL,23886,33400,12667,0.1029,23886,229
Southern University and A & M College,Public,No,0.4547,14259,NULL,34700,18750,0.29,14259,423
Franciscan Missionaries of Our Lady University,Private,No,0.4844,NULL,16979,47200,15070,0.4045,16979,421
Lancaster Bible College,Private,No,0.7181,NULL,21145,34300,13741,0.5702,21145,989
Colorado State University-Fort Collins,Public,No,0.8262,18700,NULL,47100,15000,0.686,18700,140
Sonoma State University,Public,No,0.8203,17296,NULL,49200,13750,0.5846,17296,126
Millersville University of Pennsylvania,Public,No,0.7949,22032,NULL,43500,17150,0.6155,22032,998
Providence College,Private,No,0.5152,NULL,38823,64100,27000,0.8422,38823,1040
Greenville University,Private,No,0.662,NULL,20460,36800,15750,0.4239,20460,271
Southern Methodist University,Private,No,0.4877,NULL,32190,60700,17125,0.8054,32190,1154
Alcorn State University,Public,No,0.7861,15388,NULL,31100,20037,0.3278,15388,577
Pine Manor College,Private,No,0.5119,NULL,21112,36600,12000,0.2537,21112,504
Mount Mercy University,Private,No,0.5724,NULL,20477,45300,16793,0.58,20477,358
SUNY College at Brockport,Public,No,0.5318,16211,NULL,42600,15415,0.659,16211,785
Vanguard University of Southern California,Private,No,0.4668,NULL,21374,41800,18000,0.6096,21374,127
Midland University,Private,No,0.643,NULL,23017,39900,13250,0.4868,23017,645
University of South Carolina-Aiken,Public,No,0.5294,14927,NULL,37100,14000,0.4073,14927,1065
La Roche University,Private,No,0.9657,NULL,20792,40400,19000,0.5038,20792,987
Trinity International University-Illinois,Private,No,0.75,NULL,19887,41100,16556,0.5159,19887,305
Louisiana Tech University,Public,No,0.6484,10774,NULL,41500,13000,0.5339,10774,413
Immaculata University,Private,No,0.8294,NULL,31971,50600,21724,0.6204,31971,981
Winona State University,Public,No,0.665,17695,NULL,44700,17000,0.6067,17695,576
University of Southern California,Private,No,0.1595,NULL,30232,74000,18500,0.9171,30232,129
Ball State University,Public,No,0.6208,15187,NULL,41100,17500,0.6157,15187,309
Franklin University,Private,No,NULL,NULL,24692,48500,15880,0.0566,24692,874
Mount Aloysius College,Private,No,0.6087,NULL,21940,40800,18500,0.4337,21940,1002
Coppin State University,Public,No,0.3651,10675,NULL,38100,17000,0.2448,10675,441
Art Academy of Cincinnati,Private,No,0.4544,NULL,25123,25800,14000,0.5606,25123,856
University of Mary Hardin-Baylor,Private,No,0.7884,NULL,23966,44200,18500,0.4833,23966,1141
Los Angeles Pacific University,Private,No,NULL,NULL,20263,51100,18970,0.1111,20263,1420
Boston Architectural College,Private,No,NULL,NULL,28216,46100,33166,0.1034,28216,470
Minneapolis College of Art and Design,Private,No,0.5853,NULL,26763,35400,20500,0.5926,26763,562
Argosy University-Schaumburg,Private,Yes,NULL,NULL,21829,41400,15585,0,21829,1360
Faith Baptist Bible College and Theological Seminary,Private,No,0.6,NULL,14874,35400,8009,0.5366,14874,349
Lee University,Private,No,0.8504,NULL,18168,34200,17500,0.5195,18168,1096
Ohio Dominican University,Private,No,0.7716,NULL,19454,41000,17875,0.474,19454,894
William Carey University,Private,No,0.4882,NULL,17954,34700,16419,0.5694,17954,590
Bridgewater State University,Public,No,0.8036,18685,NULL,45300,18500,0.5941,18685,474
Yale University,Private,No,0.0693,NULL,18627,83200,12000,0.974,18627,168
Massachusetts College of Liberal Arts,Public,No,0.7663,17549,NULL,35800,17500,0.5425,17549,501
