name,type,for_profit,admissions_rate,average_net_price_public,average_net_price_private,median_10yr_earnings,median_debt,completion_rate,average_net_price,orig.id
Franciscan Missionaries of Our Lady University,Private,No,0.4844,NULL,16979,47200,15070,0.4045,16979,421
Salem College,Private,No,0.5684,NULL,17836,36300,19506,0.5691,17836,840
Albright College,Private,No,0.5004,NULL,23258,46700,23734,0.5318,23258,952
Salisbury University,Public,No,0.6502,18792,NULL,50500,15900,0.7095,18792,455
Maharishi University of Management,Private,No,0.8889,NULL,17942,21400,18750,0.6364,17942,356
West Liberty University,Public,No,0.7176,13339,NULL,36400,16000,0.4789,13339,1258
Our Lady of the Lake University,Private,No,0.913,NULL,17640,39300,18808,0.3827,17640,1145
University of California-Davis,Public,No,0.4336,15737,NULL,58200,11468,0.8519,15737,73
University of Montevallo,Public,No,0.6445,17020,NULL,34200,17213,0.503,17020,15
Universidad Ana G. Mendez-Carolina Campus,Private,No,NULL,NULL,8194,19600,6838,0.2813,8194,1318
California State Polytechnic University-Pomona,Public,No,0.5507,13068,NULL,54000,15000,0.6593,13068,62
University of the Cumberlands,Private,No,0.7436,NULL,19509,35100,9734,0.4085,19509,390
Francis Marion University,Public,No,0.6005,12619,NULL,33100,18750,0.3733,12619,1059
University of Saint Mary,Private,No,0.4915,NULL,16702,38500,15500,0.4369,16702,381
University of California-San Diego,Public,No,0.3399,14630,NULL,59900,15000,0.8452,14630,77
Hardin-Simmons University,Private,No,0.8177,NULL,29845,43300,15750,0.5102,29845,1129
Florida National University-Main Campus,Private,Yes,NULL,NULL,21127,23800,12498,0.6119,21127,1351
Rivier University,Private,No,0.6794,NULL,23922,45400,19299,0.5408,23922,665
Southwest University of Visual Arts-Tucson,Private,Yes,NULL,NULL,27145,30200,32875,0.5833,27145,31
Wayne State University,Public,No,0.6741,12970,NULL,40800,17250,0.4656,12970,549
Manhattan School of Music,Private,No,0.4287,NULL,46324,32300,19270,0.6939,46324,743
Claflin University,Private,No,0.4117,NULL,19962,28500,22750,0.5319,19962,1052
University of Phoenix-Arizona,Private,Yes,NULL,NULL,15023,47100,18500,0.1433,15023,1443
Texas Southern University,Public,No,0.6666,19676,NULL,31300,14250,0.2337,19676,1172
SUNY Empire State College,Public,No,NULL,13173,NULL,41400,14250,0.1389,13173,797
Sam Houston State University,Public,No,0.7439,13560,NULL,44600,16069,0.5127,13560,1151
Catawba College,Private,No,0.424,NULL,19807,39400,17000,0.4332,19807,810
California University of Pennsylvania,Public,No,0.961,19677,NULL,41600,18250,0.5157,19677,961
EDP University of Puerto Rico Inc-San Sebastian,Private,No,NULL,NULL,7982,18700,9500,0.03,7982,1308
University of Notre Dame,Private,No,0.1892,NULL,28768,78400,19000,0.9524,28768,334
DeVry University-New Jersey,Private,Yes,1,NULL,23160,44100,15760,0.38,23160,1435
University of Wisconsin-River Falls,Public,No,0.7452,14553,NULL,40900,14250,0.5291,14553,1292
Life Pacific College,Private,No,0.9669,NULL,21556,32700,14000,0.4815,21556,93
Argosy University-Schaumburg,Private,Yes,NULL,NULL,21829,41400,15585,0,21829,1360
University of the Virgin Islands,Public,No,0.9844,11968,NULL,32000,9321,0.22,11968,1324
CUNY Bernard M Baruch College,Public,No,0.2925,2695,NULL,57200,9500,0.6987,2695,714
University of Missouri-Columbia,Public,No,0.7809,18602,NULL,48300,18250,0.6823,18602,610
Universidad Ana G. Mendez-Cupey Campus,Private,No,NULL,NULL,8288,19400,8250,0.3289,8288,1306
Cardinal Stritch University,Private,No,0.7835,NULL,17199,48500,24490,0.4453,17199,1265
Grand Canyon University,Private,Yes,0.6692,NULL,20570,52700,12500,0.4075,20570,33
Saint Joseph's University,Private,No,0.7718,NULL,33546,59600,20250,0.8196,33546,1020
University of Baltimore,Public,No,0.8099,21329,NULL,58000,16948,0.329,21329,437
University of Mary Hardin-Baylor,Private,No,0.7884,NULL,23966,44200,18500,0.4833,23966,1141
Coleman University,Private,No,NULL,NULL,29346,46600,13992,0.4808,29346,86
Trinity Baptist College,Private,No,0.3447,NULL,15736,33600,9500,0.3542,15736,217
SUNY College at Oswego,Public,No,0.5365,15959,NULL,43900,16771,0.6567,15959,792
Yeshiva University,Private,No,0.6282,NULL,36306,58500,14500,0.8163,36306,805
Pacific Union College,Private,No,0.5021,NULL,20995,51700,21500,0.5192,20995,108
Greenville University,Private,No,0.662,NULL,20460,36800,15750,0.4239,20460,271
University of Wyoming,Public,No,0.9682,13070,NULL,47300,12500,0.582,13070,1294
