name,type,for_profit,admissions_rate,average_net_price_public,average_net_price_private,median_10yr_earnings,median_debt,completion_rate,average_net_price,orig.id
Rochester Institute of Technology,Private,No,0.5672,NULL,29895,62400,23000,0.673,29895,764
Pacific College of Oriental Medicine-New York,Private,Yes,NULL,NULL,28924,22600,12271,0.375,28924,1354
Santa Clara University,Private,No,0.5356,NULL,33738,72600,18248,0.8977,33738,122
Misericordia University,Private,No,0.7879,NULL,25561,50400,23250,0.7609,25561,999
Mount Ida College,Private,No,0.7488,NULL,27092,40400,12000,0.3957,27092,498
Rhode Island School of Design,Private,No,0.3193,NULL,46277,51100,25000,0.9115,46277,1043
Kansas State University,Public,No,0.9412,17926,NULL,45600,17500,0.6266,17926,376
Bay Path University,Private,No,0.6286,NULL,22455,42700,17610,0.5676,22455,466
Hampton University,Private,No,0.362,NULL,26458,44700,16250,0.5556,26458,1207
Saint Peter's University,Private,No,0.9129,NULL,12382,45800,17621,0.5372,12382,686
Northeastern State University,Public,No,0.9569,9167,NULL,35800,12212,0.316,9167,919
Walla Walla University,Private,No,NULL,NULL,23106,46400,21000,0.612,23106,1242
Schreiner University,Private,No,0.9236,NULL,18204,40200,14250,0.4764,18204,1152
University of Arkansas at Monticello,Public,No,NULL,10889,NULL,31500,7749,0.2323,10889,42
California Aeronautical University,Private,Yes,NULL,NULL,17909,31600,12000,0.4571,17909,1366
Alcorn State University,Public,No,0.7861,15388,NULL,31100,20037,0.3278,15388,577
Lake Erie College,Private,No,0.6045,NULL,19160,36200,15250,0.4641,19160,881
Valley City State University,Public,No,0.763,12565,NULL,39300,11897,0.3487,12565,854
College for Creative Studies,Private,No,0.4899,NULL,36313,44100,18635,0.5972,36313,525
St Francis College,Private,No,0.6321,NULL,9560,45700,17750,0.4714,9560,768
Frostburg State University,Public,No,0.7229,14699,NULL,44600,15000,0.4945,14699,442
Arizona State University-West,Public,No,0.7965,8481,NULL,47700,14271,0.5772,8481,1350
Pacific Union College,Private,No,0.5021,NULL,20995,51700,21500,0.5192,20995,108
Arkansas Tech University,Public,No,0.9475,11985,NULL,34100,11490,0.39,11985,41
The Master's University and Seminary,Private,No,0.658,NULL,26294,41700,17083,0.5546,26294,97
Pontifical Catholic University of Puerto Rico-Ponce,Private,No,0.9264,NULL,9947,18500,10092,0.3916,9947,1304
United States Merchant Marine Academy,Public,No,0.2216,6796,NULL,88100,10983,0.8051,6796,801
Saint Mary's College of California,Private,No,0.8162,NULL,33570,56300,21500,0.764,33570,125
Delaware Valley University,Private,No,0.664,NULL,29674,42100,18233,0.559,29674,970
University of Georgia,Public,No,0.5401,14625,NULL,50500,16750,0.8527,14625,237
Saint Mary's College,Private,No,0.7825,NULL,23244,46200,25000,0.7908,23244,339
Auburn University,Public,No,0.8393,23416,NULL,48800,16380,0.7658,23416,8
Lindsey Wilson College,Private,No,NULL,NULL,16083,28800,13651,0.3519,16083,396
Stevenson University,Private,No,0.6087,NULL,27542,49600,22000,0.5404,27542,459
Colorado Mesa University,Public,No,0.8167,18200,NULL,36800,11768,0.3263,18200,144
Southwestern Adventist University,Private,No,0.6237,NULL,20553,41500,19500,0.3701,20553,1158
Arizona State University-Skysong,Public,No,0.6342,11732,NULL,47700,14271,0.1389,11732,1442
Chaminade University of Honolulu,Private,No,0.9223,NULL,20666,38400,15000,0.5428,20666,252
St. Mary's College of Maryland,Public,No,0.8242,21025,NULL,52200,17750,0.7825,21025,456
Troy University,Public,No,0.8812,13349,NULL,37000,15500,0.39,13349,21
Ohio Christian University,Private,No,NULL,NULL,25529,31800,15502,0.2867,25529,867
Dominican University,Private,No,0.6498,NULL,17786,47100,20834,0.6208,17786,298
DeVry University-California,Private,Yes,0.9014,NULL,26467,44100,15760,0.3203,26467,1427
Adams State University,Public,No,0.9888,13742,NULL,35200,12000,0.2852,13742,133
Strayer University-Georgia,Private,Yes,NULL,NULL,24501,45900,12667,0.2857,24501,1410
Asbury University,Private,No,0.7032,NULL,28095,34900,19153,0.6883,28095,386
Smith College,Private,No,0.3187,NULL,24829,46200,19000,0.8804,24829,508
Northern Illinois University,Public,No,0.5332,19823,NULL,45500,18250,0.4497,19823,290
The College of Saint Rose,Private,No,0.8273,NULL,23038,43800,19000,0.5859,23038,770
New York College of Health Professions,Private,No,NULL,NULL,20745,31400,16629,0.4355,20745,1356
