name,type,for_profit,admissions_rate,average_net_price_public,average_net_price_private,median_10yr_earnings,median_debt,completion_rate,average_net_price,orig.id
Hallmark University,Private,No,0.3865,NULL,11360,32600,16483,0.5321,11360,1128
Arizona State University-West,Public,No,0.7965,8481,NULL,47700,14271,0.5772,8481,1350
Juniata College,Private,No,0.7077,NULL,24795,49200,26803,0.8375,24795,983
Wake Forest University,Private,No,0.2757,NULL,33382,63800,17500,0.8824,33382,843
Babson College,Private,No,0.2418,NULL,35540,96100,21875,0.9215,35540,465
Mercyhurst University,Private,No,0.6992,NULL,19898,40300,17076,0.6831,19898,996
College of William and Mary,Public,No,0.3592,19720,NULL,58500,16395,0.921,19720,1200
Argosy University-Phoenix,Private,Yes,NULL,NULL,20147,41400,15585,0.1667,20147,1369
Howard Payne University,Private,No,0.5917,NULL,22137,37600,10575,0.4143,22137,1134
San Diego Christian College,Private,No,0.6235,NULL,27039,36700,15250,0.5679,27039,84
Clemson University,Public,No,0.4718,17696,NULL,52400,19250,0.821,17696,1053
The University of Texas at Dallas,Public,No,0.7603,14763,NULL,53100,13250,0.6917,14763,1165
Chaminade University of Honolulu,Private,No,0.9223,NULL,20666,38400,15000,0.5428,20666,252
Houghton College,Private,No,0.9135,NULL,19325,37400,19500,0.7328,19325,733
Southwest Baptist University,Private,No,0.732,NULL,17959,33700,14750,0.4538,17959,620
St. John's College,Private,No,0.6316,NULL,20605,33500,14750,0.6506,20605,1328
Hamline University,Private,No,0.6911,NULL,21103,49200,18998,0.6673,21103,557
National Louis University,Private,No,0.8559,NULL,15579,44600,14000,0.5,15579,287
Truman State University,Public,No,0.6749,12537,NULL,44500,14000,0.7489,12537,614
Texas Lutheran University,Private,No,0.4853,NULL,19103,45600,13000,0.5151,19103,1169
Indiana University-East,Public,No,0.6966,8895,NULL,31500,12970,0.3571,8895,329
Lasell College,Private,No,0.8072,NULL,25743,43000,23250,0.5413,25743,487
University of Akron Main Campus,Public,No,0.9255,17951,NULL,36500,15402,0.3789,17951,855
University of North Dakota,Public,No,0.8348,15056,NULL,48700,17125,0.5362,15056,851
Baldwin Wallace University,Private,No,0.7805,NULL,23729,44400,24000,0.6737,23729,858
St. Louis College of Pharmacy,Private,No,0.7202,NULL,30274,124100,19500,0.7056,30274,619
Winona State University,Public,No,0.665,17695,NULL,44700,17000,0.6067,17695,576
Lebanon Valley College,Private,No,0.73,NULL,27287,45800,23460,0.7323,27287,990
Seton Hill University,Private,No,0.7465,NULL,24515,40200,23250,0.5815,24515,1023
Miami International University of Art & Design-Art Institute Dallas,Private,Yes,NULL,NULL,21698,33400,12667,0.2205,21698,1127
Grace College and Theological Seminary,Private,No,0.8209,NULL,21452,34900,16772,0.6245,21452,316
Mount Marty College,Private,No,0.6652,NULL,20396,36600,17500,0.5862,20396,1075
DeVry University-Virginia,Private,Yes,0.7,NULL,33227,44100,15760,0.4091,33227,1440
Inter American University of Puerto Rico-Fajardo,Private,No,0.8116,NULL,8333,19800,5000,0.3481,8333,1314
Peru State College,Public,No,NULL,13182,NULL,37500,13460,0.3605,13182,650
University of Southern California,Private,No,0.1595,NULL,30232,74000,18500,0.9171,30232,129
Chowan University,Private,No,0.6004,NULL,17199,34300,10500,0.2595,17199,811
Clarks Summit University,Private,No,0.5508,NULL,18011,32000,13094,0.6486,18011,955
Lewis University,Private,No,0.5383,NULL,19793,48800,19500,0.6703,19793,282
The University of Texas at Tyler,Public,No,0.6499,13363,NULL,44200,12500,0.4241,13363,1167
McKendree University,Private,No,0.617,NULL,20479,45800,17500,0.5123,20479,285
Black Hills State University,Public,No,0.8695,15839,NULL,35900,12500,0.3532,15839,1072
Massachusetts College of Liberal Arts,Public,No,0.7663,17549,NULL,35800,17500,0.5425,17549,501
Suffolk University,Private,No,0.8355,NULL,30126,53100,20500,0.6024,30126,511
Universidad del Sagrado Corazon,Private,No,0.4073,NULL,8820,20200,11250,0.36,8820,1319
Rochester College,Private,No,1,NULL,17557,35300,15364,0.4194,17557,536
Eastern New Mexico University-Main Campus,Public,No,0.6045,8801,NULL,29500,10204,0.3343,8801,693
La Salle University,Private,No,0.7927,NULL,25937,58000,19500,0.6695,25937,988
University of Puget Sound,Private,No,0.8387,NULL,37074,52700,19500,0.7807,37074,1238
Keuka College,Private,No,0.7003,NULL,25600,43800,19960,0.5736,25600,737
