name,type,for_profit,admissions_rate,average_net_price_public,average_net_price_private,median_10yr_earnings,median_debt,completion_rate,average_net_price,orig.id
Arcadia University,Private,No,0.6229,NULL,25917,44100,22847,0.6627,25917,956
West Coast University-Orange County,Private,Yes,0.9667,NULL,44573,54900,24464,0.5,44573,1409
University of Southern Indiana,Public,No,0.936,13319,NULL,37000,13250,0.4067,13319,322
Heritage University,Private,No,NULL,NULL,10234,35900,12809,0.2252,10234,1235
Montana Technological University,Public,No,0.9238,12993,NULL,41700,11737,0.4137,12993,630
University of Oklahoma-Norman Campus,Public,No,0.74,19254,NULL,51100,15892,0.6727,19254,925
Mount St. Mary's University,Private,No,0.6423,NULL,28495,52600,19500,0.6329,28495,453
University of Iowa,Public,No,0.8604,15103,NULL,51900,16173,0.7354,15103,354
University of Massachusetts-Lowell,Public,No,0.6883,19322,NULL,53300,18926,0.6008,19322,489
Los Angeles Pacific University,Private,No,NULL,NULL,20263,51100,18970,0.1111,20263,1420
Hardin-Simmons University,Private,No,0.8177,NULL,29845,43300,15750,0.5102,29845,1129
Elon University,Private,No,0.6653,NULL,34459,51900,19500,0.8377,34459,815
St Catherine University,Private,No,0.7013,NULL,19935,49200,21000,0.5305,19935,574
University of West Alabama,Public,No,0.2821,13512,NULL,37400,14250,0.3324,13512,13
Universidad del Sagrado Corazon,Private,No,0.4073,NULL,8820,20200,11250,0.36,8820,1319
Nebraska Methodist College of Nursing & Allied Health,Private,No,0.6818,NULL,21159,48700,20000,0.7,21159,644
King University,Private,No,0.5141,NULL,18317,43500,18431,0.5202,18317,1094
Western Illinois University,Public,No,0.5997,15844,NULL,43200,18661,0.5045,15844,306
Southern Arkansas University Main Campus,Public,No,0.6945,12778,NULL,35700,11000,0.3604,12778,48
Strayer University-Pennsylvania,Private,Yes,NULL,NULL,21472,45900,12667,0.2,21472,1389
Argosy University-Phoenix,Private,Yes,NULL,NULL,20147,41400,15585,0.1667,20147,1369
Elizabethtown College,Private,No,0.7402,NULL,28227,51300,25651,0.7456,28227,976
Texas Wesleyan University,Private,No,0.3427,NULL,28325,42000,12500,0.3457,28325,1174
Ohio State University-Main Campus,Public,No,0.4806,17699,NULL,46100,14750,0.8264,17699,896
Metropolitan State University,Public,No,0.5554,14814,NULL,48200,14000,0.2745,14814,560
Aurora University,Private,No,0.8732,NULL,17220,42700,16760,0.5323,17220,262
Sweet Briar College,Private,No,0.928,NULL,21291,38200,20500,0.5412,21291,1224
Columbia College,Private,No,NULL,NULL,24856,38300,15000,0.2627,24856,597
Pontifical Catholic University of Puerto Rico-Ponce,Private,No,0.9264,NULL,9947,18500,10092,0.3916,9947,1304
North Carolina State University at Raleigh,Public,No,0.5136,15024,NULL,52500,18438,0.7864,15024,835
Georgia Institute of Technology-Main Campus,Public,No,0.234,13291,NULL,79100,21500,0.8526,13291,232
National University College,Private,Yes,0.5933,NULL,9500,17400,8475,0.2392,9500,1317
Charter College,Private,Yes,NULL,NULL,30904,39800,13000,0.4749,30904,27
Tougaloo College,Private,No,0.7472,NULL,11623,27500,20000,0.5,11623,589
University of North Dakota,Public,No,0.8348,15056,NULL,48700,17125,0.5362,15056,851
University of Valley Forge,Private,No,0.5321,NULL,21369,31100,19000,0.4491,21369,1027
University of St Thomas,Private,No,0.8416,NULL,30503,56800,21460,0.7685,30503,573
California State University-Los Angeles,Public,No,0.4645,3792,NULL,46100,11795,0.4713,3792,69
University of Pennsylvania,Private,No,0.093,NULL,24242,85900,17085,0.9572,24242,1011
Fontbonne University,Private,No,0.9236,NULL,22163,40800,20409,0.5,22163,601
CUNY Hunter College,Public,No,0.4018,3170,NULL,47200,9600,0.5192,3170,718
California State University-Bakersfield,Public,No,0.6112,6785,NULL,47800,11655,0.4086,6785,59
Thomas University,Private,No,0.2256,NULL,21709,34300,14562,0.3737,21709,247
Saint Francis University,Private,No,0.7574,NULL,26040,52200,27000,0.6357,26040,1019
Northwood University,Private,No,0.6927,NULL,24587,48900,18500,0.5542,24587,543
Prairie View A & M University,Public,No,0.7893,11090,NULL,35700,17749,0.3479,11090,1147
Westfield State University,Public,No,0.8525,17773,NULL,46100,16750,0.6504,17773,515
Rockford University,Private,No,0.4656,NULL,20601,45200,18750,0.4146,20601,296
Charleston Southern University,Private,No,0.5632,NULL,17297,36900,16500,0.3484,17297,1048
McDaniel College,Private,No,0.85,NULL,20333,49700,19500,0.6817,20333,461
