name,type,for_profit,admissions_rate,average_net_price_public,average_net_price_private,median_10yr_earnings,median_debt,completion_rate,average_net_price,orig.id
Indiana University-East,Public,No,0.6966,8895,NULL,31500,12970,0.3571,8895,329
American InterContinental University-Atlanta,Private,Yes,NULL,NULL,19752,37300,9500,0.1405,19752,1376
Manhattanville College,Private,No,0.8206,NULL,21923,45600,20205,0.546,21923,744
Minnesota State University Moorhead,Public,No,0.6039,16096,NULL,40600,15690,0.4632,16096,564
Texas A & M University-Corpus Christi,Public,No,0.6046,16159,NULL,43400,12000,0.3625,16159,1121
DeVry University-North Carolina,Private,Yes,1,NULL,28508,44100,15760,0.1667,28508,1436
University of Wisconsin-River Falls,Public,No,0.7452,14553,NULL,40900,14250,0.5291,14553,1292
Eastern Nazarene College,Private,No,0.6776,NULL,16313,42300,19000,0.4938,16313,478
Piedmont College,Private,No,0.5952,NULL,17869,40600,16218,0.496,17869,242
DeVry University-Nevada,Private,Yes,0.75,NULL,31241,44100,15760,0.2143,31241,1434
Strayer University-South Carolina,Private,Yes,NULL,NULL,15786,45900,12667,0,15786,1411
Central Washington University,Public,No,0.8634,14382,NULL,46500,13406,0.5154,14382,1231
Green Mountain College,Private,No,0.7829,NULL,22524,30300,17500,0.5071,22524,1191
Dominican University of California,Private,No,0.8843,NULL,33669,55600,27000,0.7204,33669,87
Trinity Baptist College,Private,No,0.3447,NULL,15736,33600,9500,0.3542,15736,217
Bowling Green State University-Main Campus,Public,No,0.732,19128,NULL,40500,17125,0.5306,19128,860
Midway University,Private,No,0.567,NULL,24366,34500,14580,0.5243,24366,398
Montana State University Billings,Public,No,NULL,14340,NULL,34600,9500,0.2717,14340,628
Grand View University,Private,No,0.9268,NULL,18332,43200,17750,0.5014,18332,351
Marian University,Private,No,0.6758,NULL,22346,41700,16743,0.4781,22346,1272
Southern Adventist University,Private,No,NULL,NULL,20762,38500,20000,0.5235,20762,1104
Harding University,Private,No,0.7212,NULL,18963,40900,20500,0.6663,18963,44
Washington College,Private,No,0.4762,NULL,28943,51400,20500,0.7644,28943,460
College of Saint Elizabeth,Private,No,0.6457,NULL,19476,43400,13000,0.4101,19476,688
Roberts Wesleyan College,Private,No,0.6887,NULL,23304,40900,19500,0.5975,23304,763
Central Michigan University,Public,No,0.6775,15531,NULL,41900,21250,0.5836,15531,524
Clark University,Private,No,0.5627,NULL,27004,49100,22750,0.8284,27004,476
DePaul University,Private,No,0.7174,NULL,30559,53300,20000,0.7082,30559,268
Wayland Baptist University,Private,No,0.9876,NULL,19137,41300,13420,0.2006,19137,1177
Western Illinois University,Public,No,0.5997,15844,NULL,43200,18661,0.5045,15844,306
Fresno Pacific University,Private,No,0.7239,NULL,16177,43900,18774,0.6538,16177,89
Auburn University,Public,No,0.8393,23416,NULL,48800,16380,0.7658,23416,8
South Dakota State University,Public,No,0.9137,19415,NULL,44400,15000,0.5492,19415,1078
Felician University,Private,No,0.7941,NULL,18056,47300,19791,0.4692,18056,671
University of North Carolina at Pembroke,Public,No,0.8074,12265,NULL,34400,15146,0.3972,12265,837
Colorado State University-Fort Collins,Public,No,0.8262,18700,NULL,47100,15000,0.686,18700,140
Coker College,Private,No,0.617,NULL,15872,32800,16000,0.466,15872,1054
Aquinas College,Private,No,0.7451,NULL,16927,37300,20500,0.5947,16927,521
Old Dominion University,Public,No,0.8572,15368,NULL,43700,17500,0.544,15368,1218
University of Nebraska-Lincoln,Public,No,0.6438,17784,NULL,46400,13919,0.6795,17784,649
Northwestern College,Private,No,0.681,NULL,23064,38400,17375,0.679,23064,361
College of Our Lady of the Elms,Private,No,0.7949,NULL,20989,46200,24500,0.5707,20989,503
Southern California Institute of Architecture,Private,No,NULL,NULL,55775,43100,29000,1,55775,128
Coastal Carolina University,Public,No,0.6119,16337,NULL,38500,15415,0.4229,16337,1067
Caribbean University-Carolina,Private,No,NULL,NULL,4378,18700,6000,0.2086,4378,1302
Strayer University-Alabama,Private,Yes,NULL,NULL,24836,45900,12667,0,24836,1401
University of South Carolina-Columbia,Public,No,0.7231,19519,NULL,44900,19000,0.7502,19519,1066
Mount Saint Mary's University,Private,No,0.8121,NULL,28274,53200,20417,0.658,28274,102
Trevecca Nazarene University,Private,No,0.7038,NULL,18549,40500,13000,0.5382,18549,1111
Herzing University-Winter Park,Private,No,0.7609,NULL,20955,37800,12695,0.2917,20955,1347
