name,type,for_profit,admissions_rate,average_net_price_public,average_net_price_private,median_10yr_earnings,median_debt,completion_rate,average_net_price,orig.id
Lawrence Technological University,Private,No,0.5964,NULL,27331,55300,19500,0.5357,27331,533
Avila University,Private,No,0.3886,NULL,20887,44100,18010,0.4161,20887,591
University of Phoenix-Illinois,Private,Yes,NULL,NULL,15258,47100,18500,0.1239,15258,1381
Boricua College,Private,No,NULL,NULL,15671,32800,5000,0.7133,15671,704
Winston-Salem State University,Public,No,0.6657,11811,NULL,33200,16159,0.4938,11811,846
South College,Private,Yes,NULL,NULL,23907,26700,9500,0.3906,23907,1095
Pacific Rim Christian University,Private,No,0.569,NULL,18129,29500,13250,0.6316,18129,1408
Goshen College,Private,No,0.6388,NULL,19251,37700,14500,0.7235,19251,315
Webber International University,Private,No,0.4923,NULL,23921,37200,9500,0.3191,23921,219
Baldwin Wallace University,Private,No,0.7805,NULL,23729,44400,24000,0.6737,23729,858
DeVry University-Pennsylvania,Private,Yes,1,NULL,28390,44100,15760,0.1111,28390,1438
Saint Mary's University of Minnesota,Private,No,0.6438,NULL,20210,47800,17776,0.5791,20210,570
University of Guam,Public,No,NULL,8899,NULL,30100,12000,0.3451,8899,1295
University of North Carolina at Greensboro,Public,No,0.7804,12226,NULL,37500,15150,0.5429,12226,832
SUNY College at Brockport,Public,No,0.5318,16211,NULL,42600,15415,0.659,16211,785
University of Mary Hardin-Baylor,Private,No,0.7884,NULL,23966,44200,18500,0.4833,23966,1141
Northern Vermont University,Public,No,0.8695,15018,NULL,33200,13500,0.3782,15018,1192
University of South Carolina-Aiken,Public,No,0.5294,14927,NULL,37100,14000,0.4073,14927,1065
Montana State University-Northern,Public,No,1,12898,NULL,37100,8250,0.3266,12898,633
Herzing University-Brookfield,Private,No,0.9615,NULL,20298,37800,12695,0.4815,20298,1416
Lake Forest College,Private,No,0.5299,NULL,24628,50900,25745,0.7241,24628,281
East Central University,Public,No,0.4802,9233,NULL,36800,11547,0.3258,9233,916
Rocky Mountain College,Private,No,0.6438,NULL,20165,38800,15999,0.5244,20165,634
Daemen College,Private,No,0.4942,NULL,17119,42800,15000,0.5517,17119,724
Alabama State University,Public,No,0.9787,12874,NULL,27700,18950,0.2769,12874,5
Pacific College of Oriental Medicine-New York,Private,Yes,NULL,NULL,28924,22600,12271,0.375,28924,1354
MCPHS University,Private,No,0.8386,NULL,37779,116000,24500,0.7384,37779,492
Spring Hill College,Private,No,0.4568,NULL,21275,45100,19500,0.5254,21275,20
Hampton University,Private,No,0.362,NULL,26458,44700,16250,0.5556,26458,1207
Saint Cloud State University,Public,No,0.8578,14633,NULL,44200,14250,0.4434,14633,568
The University of the South,Private,No,0.4673,NULL,27544,45500,15000,0.7731,27544,1103
Western New England University,Private,No,0.8071,NULL,29694,54900,19500,0.592,29694,514
North Carolina A & T State University,Public,No,0.6223,11743,NULL,34700,21002,0.4274,11743,828
California State University-Los Angeles,Public,No,0.4645,3792,NULL,46100,11795,0.4713,3792,69
Arizona State University-Skysong,Public,No,0.6342,11732,NULL,47700,14271,0.1389,11732,1442
Marshall University,Public,No,0.9019,9484,NULL,35600,15250,0.493,9484,1253
Universidad Central Del Caribe,Private,No,0.7742,NULL,17538,29100,6000,0.4,17538,1320
Colorado Technical University-Colorado Springs,Private,Yes,NULL,NULL,16012,42200,10500,0.2553,16012,141
SUNY College at Potsdam,Public,No,0.666,14425,NULL,39700,18050,0.5251,14425,793
Woodbury University,Private,No,0.6164,NULL,28973,48200,25000,0.521,28973,132
University of Arkansas at Monticello,Public,No,NULL,10889,NULL,31500,7749,0.2323,10889,42
Millersville University of Pennsylvania,Public,No,0.7949,22032,NULL,43500,17150,0.6155,22032,998
The New School,Private,No,0.6151,NULL,40819,44500,17125,0.6733,40819,754
Adams State University,Public,No,0.9888,13742,NULL,35200,12000,0.2852,13742,133
Norfolk State University,Public,No,0.9013,15259,NULL,35800,20695,0.4205,15259,1217
Quincy University,Private,No,0.6732,NULL,17187,39500,12000,0.4565,17187,294
Mount Saint Mary College,Private,No,0.9338,NULL,24301,51600,20500,0.5376,24301,750
Chicago State University,Public,No,0.7787,12592,NULL,33800,25000,0.1302,12592,264
Gallaudet University,Private,No,0.5901,NULL,14205,31000,11105,0.525,14205,177
University of Central Missouri,Public,No,0.836,14267,NULL,38000,15250,0.4909,14267,595
