name,type,for_profit,admissions_rate,average_net_price_public,average_net_price_private,median_10yr_earnings,median_debt,completion_rate,average_net_price,orig.id
Robert Morris University,Private,No,0.8332,NULL,25996,47700,22617,0.6069,25996,1017
New Jersey Institute of Technology,Public,No,0.6139,20011,NULL,68500,18000,0.6355,20011,679
University of Southern California,Private,No,0.1595,NULL,30232,74000,18500,0.9171,30232,129
Southwestern Oklahoma State University,Public,No,0.9197,12002,NULL,39300,9692,0.3077,12002,930
Boston College,Private,No,0.3241,NULL,34550,72500,16000,0.9211,34550,471
University of St Francis,Private,No,0.5167,NULL,18571,53100,20280,0.6278,18571,299
Elmhurst College,Private,No,0.7053,NULL,22183,48300,16227,0.6436,22183,270
Longwood University,Public,No,0.9183,20437,NULL,41500,17504,0.6832,20437,1211
South University-Columbia,Private,Yes,NULL,NULL,19577,33400,12667,0.1087,19577,1331
Columbia College,Private,No,NULL,NULL,24856,38300,15000,0.2627,24856,597
Caribbean University-Bayamon,Private,No,NULL,NULL,3170,18700,6000,0.2342,3170,1301
Manchester University,Private,No,0.6058,NULL,19831,40700,16750,0.5496,19831,330
University of Arkansas at Little Rock,Public,No,0.7463,13729,NULL,34900,13700,0.3199,13729,37
Hardin-Simmons University,Private,No,0.8177,NULL,29845,43300,15750,0.5102,29845,1129
Fordham University,Private,No,0.4644,NULL,35694,59200,22250,0.7946,35694,729
John Carroll University,Private,No,0.8503,NULL,25017,53800,23250,0.779,25017,878
Gordon College,Private,No,0.8889,NULL,28240,41700,21500,0.7015,28240,485
Franklin University,Private,No,NULL,NULL,24692,48500,15880,0.0566,24692,874
Southwestern College,Private,No,0.9688,NULL,22291,46400,12500,0.4063,22291,382
Edinboro University of Pennsylvania,Public,No,0.9253,16085,NULL,35400,18480,0.4298,16085,975
United States Merchant Marine Academy,Public,No,0.2216,6796,NULL,88100,10983,0.8051,6796,801
North Dakota State University-Main Campus,Public,No,0.9159,15265,NULL,48200,15000,0.5798,15265,852
University of Tulsa,Private,No,0.3895,NULL,23948,48500,16000,0.6852,23948,931
Indiana University-Bloomington,Public,No,0.7601,14351,NULL,47700,17000,0.7733,14351,326
Arizona State University-Skysong,Public,No,0.6342,11732,NULL,47700,14271,0.1389,11732,1442
Concordia College at Moorhead,Private,No,0.616,NULL,23393,44500,23000,0.6967,23393,554
Point Loma Nazarene University,Private,No,0.7629,NULL,31452,50900,19500,0.7444,31452,111
Grand Valley State University,Public,No,0.809,16975,NULL,42800,19500,0.6526,16975,532
Martin Luther College,Private,No,0.7061,NULL,18334,37300,15625,0.6919,18334,556
Mount Saint Joseph University,Private,No,0.7325,NULL,17775,41400,19500,0.6069,17775,889
Briar Cliff University,Private,No,NULL,NULL,22566,41900,13750,0.4237,22566,343
Millsaps College,Private,No,0.4895,NULL,22292,48100,18500,0.6652,22292,582
Our Lady of the Lake University,Private,No,0.913,NULL,17640,39300,18808,0.3827,17640,1145
Arkansas State University-Main Campus,Public,No,0.6602,13828,NULL,32200,15000,0.475,13828,40
University of Michigan-Ann Arbor,Public,No,0.265,14860,NULL,63400,15459,0.9159,14860,537
Newman University,Private,No,0.6384,NULL,13800,44000,15250,0.5235,13800,375
Truett McConnell University,Private,No,0.9462,NULL,17424,32600,12000,0.3837,17424,248
Shenandoah University,Private,No,0.8325,NULL,29280,45800,20500,0.6327,29280,1222
MidAmerica Nazarene University,Private,No,0.6562,NULL,20227,42900,13396,0.5146,20227,378
University of Arkansas at Pine Bluff,Public,No,0.4669,8692,NULL,27200,12624,0.2855,8692,39
University of Southern Maine,Public,No,0.8348,11582,NULL,38700,14084,0.3293,11582,435
Catawba College,Private,No,0.424,NULL,19807,39400,17000,0.4332,19807,810
Pontifical Catholic University of Puerto Rico-Ponce,Private,No,0.9264,NULL,9947,18500,10092,0.3916,9947,1304
Davenport University,Private,No,0.8192,NULL,16972,30700,16500,0.4437,16972,526
Hastings College,Private,No,0.6833,NULL,21703,44400,16752,0.5452,21703,642
University of South Carolina-Upstate,Public,No,0.5784,14896,NULL,36900,15000,0.4328,14896,1069
Tuskegee University,Private,No,0.5032,NULL,32907,35500,22053,0.5193,32907,22
AdventHealth University,Private,No,0.9685,NULL,18899,56000,16646,0.1923,18899,193
Argosy University-Denver,Private,Yes,NULL,NULL,18847,41400,15585,0,18847,1395
The New England Conservatory of Music,Private,No,0.3281,NULL,37507,32100,24568,0.7957,37507,499
