name,type,for_profit,admissions_rate,average_net_price_public,average_net_price_private,median_10yr_earnings,median_debt,completion_rate,average_net_price,orig.id
South Dakota State University,Public,No,0.9137,19415,NULL,44400,15000,0.5492,19415,1078
Naropa University,Private,No,1,NULL,26574,20700,16125,0.3077,26574,146
LeTourneau University,Private,No,0.4708,NULL,21381,48200,20000,0.6021,21381,1139
Molloy College,Private,No,0.7603,NULL,27949,60500,23844,0.7197,27949,748
Indiana University-Southeast,Public,No,0.8275,10268,NULL,37900,11584,0.3191,10268,328
Fashion Institute of Technology,Public,No,0.4704,11772,NULL,48900,12734,0.7676,11772,727
West Chester University of Pennsylvania,Public,No,0.685,22193,NULL,48400,19000,0.726,22193,1030
Strayer University-Alabama,Private,Yes,NULL,NULL,24836,45900,12667,0,24836,1401
The University of Texas at Arlington,Public,No,0.7122,13200,NULL,48700,12500,0.4998,13200,1163
University of Southern Maine,Public,No,0.8348,11582,NULL,38700,14084,0.3293,11582,435
Wesleyan College,Private,No,0.466,NULL,14974,29900,18187,0.5588,14974,250
University of Wisconsin-La Crosse,Public,No,0.7337,14424,NULL,48000,17500,0.7055,14424,1282
Inter American University of Puerto Rico-Barranquitas,Private,No,0.561,NULL,7912,19800,2500,0.3857,7912,1312
Georgia College & State University,Public,No,0.7899,19686,NULL,40500,16283,0.6603,19686,234
Rockford University,Private,No,0.4656,NULL,20601,45200,18750,0.4146,20601,296
Goshen College,Private,No,0.6388,NULL,19251,37700,14500,0.7235,19251,315
Northwestern State University of Louisiana,Public,No,0.8029,11295,NULL,34300,13000,0.3944,11295,419
CUNY City College,Public,No,0.4637,2540,NULL,46300,9500,0.4997,2540,717
Epic Bible College,Private,No,NULL,NULL,7601,25100,12667,0,7601,130
Shenandoah University,Private,No,0.8325,NULL,29280,45800,20500,0.6327,29280,1222
Warner Pacific University Professional and Graduate Studies,Private,No,NULL,NULL,18633,41000,23000,0.5714,18633,1423
Northwestern Health Sciences University,Private,No,NULL,NULL,14145,39900,8880,0.6667,14145,567
Trinity Washington University,Private,No,0.9228,NULL,16777,38800,18709,0.3598,16777,182
Bethel University,Private,No,0.835,NULL,27151,47300,18250,0.7052,27151,553
California State University-San Bernardino,Public,No,0.5713,8519,NULL,44500,12815,0.5416,8519,61
University of Connecticut-Avery Point,Public,No,0.9416,9617,NULL,58400,19000,0.5837,9617,1372
The College of Saint Scholastica,Private,No,0.6825,NULL,23935,51400,16608,0.6694,23935,572
University of Massachusetts-Dartmouth,Public,No,0.8427,18899,NULL,48200,19500,0.4847,18899,510
East Tennessee State University,Public,No,0.8547,14218,NULL,35100,14025,0.4116,14218,1089
University of Nebraska-Lincoln,Public,No,0.6438,17784,NULL,46400,13919,0.6795,17784,649
Webber International University,Private,No,0.4923,NULL,23921,37200,9500,0.3191,23921,219
DigiPen Institute of Technology,Private,Yes,0.5387,NULL,35538,80200,20750,0.4286,35538,1386
California State University-Fullerton,Public,No,0.4572,8737,NULL,47200,12500,0.6624,8737,66
Syracuse University,Private,No,0.4688,NULL,34173,62100,25000,0.8272,34173,799
Savannah State University,Public,No,0.5575,10633,NULL,31300,15000,0.2776,10633,245
Washington and Lee University,Private,No,0.22,NULL,25961,76100,18500,0.9189,25961,1230
Fontbonne University,Private,No,0.9236,NULL,22163,40800,20409,0.5,22163,601
University of Phoenix-Nevada,Private,Yes,NULL,NULL,14875,47100,18500,0.1506,14875,1448
DeVry University-Nevada,Private,Yes,0.75,NULL,31241,44100,15760,0.2143,31241,1434
Portland State University,Public,No,0.9244,14160,NULL,44700,16500,0.4894,14160,944
Strayer University-North Carolina,Private,Yes,NULL,NULL,24779,45900,12667,0.25,24779,1404
Mount St. Mary's University,Private,No,0.6423,NULL,28495,52600,19500,0.6329,28495,453
Wayland Baptist University,Private,No,0.9876,NULL,19137,41300,13420,0.2006,19137,1177
Oakwood University,Private,No,0.4707,NULL,25539,29700,21500,0.4715,25539,17
University of Mary Washington,Public,No,0.735,21227,NULL,51400,15000,0.7065,21227,1214
Converse College,Private,No,0.7126,NULL,21556,33900,17375,0.7208,21556,1057
DeVry University-Texas,Private,Yes,0.9333,NULL,31788,44100,15760,0.2277,31788,1439
Gwynedd Mercy University,Private,No,0.9377,NULL,23564,54300,20387,0.4932,23564,979
Rollins College,Private,No,0.6389,NULL,30202,45700,21643,0.7532,30202,209
Regis University,Private,No,0.5992,NULL,23672,56400,19241,0.7121,23672,148
